<annotation>
	<folder>cups_empty_full_picks_clean_resized</folder>
	<filename>104.jpg</filename>
	<path>C:\Users\6d_guest\Desktop\cups_empty_full_picks_clean_resized\104.jpg</path>
	<source>
		<database>Unknown</database>
	</source>
	<size>
		<width>356</width>
		<height>356</height>
		<depth>3</depth>
	</size>
	<segmented>0</segmented>
	<object>
		<name>full_cup</name>
		<pose>Unspecified</pose>
		<truncated>0</truncated>
		<difficult>0</difficult>
		<bndbox>
			<xmin>15</xmin>
			<ymin>22</ymin>
			<xmax>33</xmax>
			<ymax>63</ymax>
		</bndbox>
	</object>
	<object>
		<name>full_cup</name>
		<pose>Unspecified</pose>
		<truncated>1</truncated>
		<difficult>0</difficult>
		<bndbox>
			<xmin>25</xmin>
			<ymin>1</ymin>
			<xmax>48</xmax>
			<ymax>33</ymax>
		</bndbox>
	</object>
	<object>
		<name>full_cup</name>
		<pose>Unspecified</pose>
		<truncated>1</truncated>
		<difficult>0</difficult>
		<bndbox>
			<xmin>49</xmin>
			<ymin>1</ymin>
			<xmax>70</xmax>
			<ymax>45</ymax>
		</bndbox>
	</object>
	<object>
		<name>full_cup</name>
		<pose>Unspecified</pose>
		<truncated>1</truncated>
		<difficult>0</difficult>
		<bndbox>
			<xmin>88</xmin>
			<ymin>1</ymin>
			<xmax>114</xmax>
			<ymax>32</ymax>
		</bndbox>
	</object>
	<object>
		<name>full_cup</name>
		<pose>Unspecified</pose>
		<truncated>0</truncated>
		<difficult>0</difficult>
		<bndbox>
			<xmin>41</xmin>
			<ymin>48</ymin>
			<xmax>65</xmax>
			<ymax>92</ymax>
		</bndbox>
	</object>
	<object>
		<name>full_cup</name>
		<pose>Unspecified</pose>
		<truncated>0</truncated>
		<difficult>0</difficult>
		<bndbox>
			<xmin>133</xmin>
			<ymin>74</ymin>
			<xmax>170</xmax>
			<ymax>135</ymax>
		</bndbox>
	</object>
	<object>
		<name>full_cup</name>
		<pose>Unspecified</pose>
		<truncated>0</truncated>
		<difficult>0</difficult>
		<bndbox>
			<xmin>183</xmin>
			<ymin>96</ymin>
			<xmax>217</xmax>
			<ymax>161</ymax>
		</bndbox>
	</object>
	<object>
		<name>full_cup</name>
		<pose>Unspecified</pose>
		<truncated>0</truncated>
		<difficult>0</difficult>
		<bndbox>
			<xmin>95</xmin>
			<ymin>132</ymin>
			<xmax>130</xmax>
			<ymax>188</ymax>
		</bndbox>
	</object>
	<object>
		<name>full_cup</name>
		<pose>Unspecified</pose>
		<truncated>0</truncated>
		<difficult>0</difficult>
		<bndbox>
			<xmin>136</xmin>
			<ymin>162</ymin>
			<xmax>174</xmax>
			<ymax>231</ymax>
		</bndbox>
	</object>
	<object>
		<name>full_cup</name>
		<pose>Unspecified</pose>
		<truncated>0</truncated>
		<difficult>0</difficult>
		<bndbox>
			<xmin>229</xmin>
			<ymin>250</ymin>
			<xmax>262</xmax>
			<ymax>301</ymax>
		</bndbox>
	</object>
	<object>
		<name>full_cup</name>
		<pose>Unspecified</pose>
		<truncated>0</truncated>
		<difficult>0</difficult>
		<bndbox>
			<xmin>210</xmin>
			<ymin>282</ymin>
			<xmax>245</xmax>
			<ymax>335</ymax>
		</bndbox>
	</object>
	<object>
		<name>full_cup</name>
		<pose>Unspecified</pose>
		<truncated>1</truncated>
		<difficult>0</difficult>
		<bndbox>
			<xmin>254</xmin>
			<ymin>326</ymin>
			<xmax>285</xmax>
			<ymax>356</ymax>
		</bndbox>
	</object>
	<object>
		<name>full_cup</name>
		<pose>Unspecified</pose>
		<truncated>1</truncated>
		<difficult>0</difficult>
		<bndbox>
			<xmin>188</xmin>
			<ymin>331</ymin>
			<xmax>224</xmax>
			<ymax>356</ymax>
		</bndbox>
	</object>
	<object>
		<name>puck</name>
		<pose>Unspecified</pose>
		<truncated>0</truncated>
		<difficult>0</difficult>
		<bndbox>
			<xmin>141</xmin>
			<ymin>294</ymin>
			<xmax>173</xmax>
			<ymax>347</ymax>
		</bndbox>
	</object>
	<object>
		<name>puck</name>
		<pose>Unspecified</pose>
		<truncated>0</truncated>
		<difficult>0</difficult>
		<bndbox>
			<xmin>46</xmin>
			<ymin>100</ymin>
			<xmax>74</xmax>
			<ymax>132</ymax>
		</bndbox>
	</object>
</annotation>
