<annotation>
	<folder>cups_empty_full_picks_clean_resized</folder>
	<filename>109.jpg</filename>
	<path>C:\Users\6d_guest\Desktop\cups_empty_full_picks_clean_resized\109.jpg</path>
	<source>
		<database>Unknown</database>
	</source>
	<size>
		<width>356</width>
		<height>356</height>
		<depth>3</depth>
	</size>
	<segmented>0</segmented>
	<object>
		<name>full_cup</name>
		<pose>Unspecified</pose>
		<truncated>0</truncated>
		<difficult>0</difficult>
		<bndbox>
			<xmin>37</xmin>
			<ymin>14</ymin>
			<xmax>63</xmax>
			<ymax>59</ymax>
		</bndbox>
	</object>
	<object>
		<name>full_cup</name>
		<pose>Unspecified</pose>
		<truncated>0</truncated>
		<difficult>0</difficult>
		<bndbox>
			<xmin>88</xmin>
			<ymin>3</ymin>
			<xmax>113</xmax>
			<ymax>47</ymax>
		</bndbox>
	</object>
	<object>
		<name>full_cup</name>
		<pose>Unspecified</pose>
		<truncated>0</truncated>
		<difficult>0</difficult>
		<bndbox>
			<xmin>103</xmin>
			<ymin>23</ymin>
			<xmax>123</xmax>
			<ymax>73</ymax>
		</bndbox>
	</object>
	<object>
		<name>full_cup</name>
		<pose>Unspecified</pose>
		<truncated>0</truncated>
		<difficult>0</difficult>
		<bndbox>
			<xmin>77</xmin>
			<ymin>64</ymin>
			<xmax>104</xmax>
			<ymax>111</ymax>
		</bndbox>
	</object>
	<object>
		<name>full_cup</name>
		<pose>Unspecified</pose>
		<truncated>0</truncated>
		<difficult>0</difficult>
		<bndbox>
			<xmin>43</xmin>
			<ymin>64</ymin>
			<xmax>70</xmax>
			<ymax>113</ymax>
		</bndbox>
	</object>
	<object>
		<name>full_cup</name>
		<pose>Unspecified</pose>
		<truncated>0</truncated>
		<difficult>0</difficult>
		<bndbox>
			<xmin>227</xmin>
			<ymin>203</ymin>
			<xmax>256</xmax>
			<ymax>264</ymax>
		</bndbox>
	</object>
	<object>
		<name>full_cup</name>
		<pose>Unspecified</pose>
		<truncated>0</truncated>
		<difficult>0</difficult>
		<bndbox>
			<xmin>200</xmin>
			<ymin>246</ymin>
			<xmax>231</xmax>
			<ymax>302</ymax>
		</bndbox>
	</object>
	<object>
		<name>full_cup</name>
		<pose>Unspecified</pose>
		<truncated>1</truncated>
		<difficult>0</difficult>
		<bndbox>
			<xmin>235</xmin>
			<ymin>307</ymin>
			<xmax>270</xmax>
			<ymax>356</ymax>
		</bndbox>
	</object>
	<object>
		<name>puck</name>
		<pose>Unspecified</pose>
		<truncated>0</truncated>
		<difficult>0</difficult>
		<bndbox>
			<xmin>142</xmin>
			<ymin>295</ymin>
			<xmax>177</xmax>
			<ymax>344</ymax>
		</bndbox>
	</object>
	<object>
		<name>puck</name>
		<pose>Unspecified</pose>
		<truncated>0</truncated>
		<difficult>0</difficult>
		<bndbox>
			<xmin>40</xmin>
			<ymin>103</ymin>
			<xmax>74</xmax>
			<ymax>136</ymax>
		</bndbox>
	</object>
</annotation>
