<annotation>
	<folder>cups_empty_full_picks_clean_resized</folder>
	<filename>193.jpg</filename>
	<path>C:\Users\6d_guest\Desktop\cups_empty_full_picks_clean_resized\193.jpg</path>
	<source>
		<database>Unknown</database>
	</source>
	<size>
		<width>356</width>
		<height>356</height>
		<depth>3</depth>
	</size>
	<segmented>0</segmented>
	<object>
		<name>puck</name>
		<pose>Unspecified</pose>
		<truncated>0</truncated>
		<difficult>0</difficult>
		<bndbox>
			<xmin>234</xmin>
			<ymin>46</ymin>
			<xmax>259</xmax>
			<ymax>87</ymax>
		</bndbox>
	</object>
</annotation>
