<annotation>
	<folder>cups_empty_full_picks_clean_resized</folder>
	<filename>21.jpg</filename>
	<path>C:\Users\6d_guest\Desktop\cups_empty_full_picks_clean_resized\21.jpg</path>
	<source>
		<database>Unknown</database>
	</source>
	<size>
		<width>356</width>
		<height>356</height>
		<depth>3</depth>
	</size>
	<segmented>0</segmented>
	<object>
		<name>puck</name>
		<pose>Unspecified</pose>
		<truncated>0</truncated>
		<difficult>0</difficult>
		<bndbox>
			<xmin>45</xmin>
			<ymin>98</ymin>
			<xmax>76</xmax>
			<ymax>135</ymax>
		</bndbox>
	</object>
	<object>
		<name>puck</name>
		<pose>Unspecified</pose>
		<truncated>0</truncated>
		<difficult>0</difficult>
		<bndbox>
			<xmin>141</xmin>
			<ymin>298</ymin>
			<xmax>173</xmax>
			<ymax>345</ymax>
		</bndbox>
	</object>
	<object>
		<name>full_cup</name>
		<pose>Unspecified</pose>
		<truncated>0</truncated>
		<difficult>0</difficult>
		<bndbox>
			<xmin>124</xmin>
			<ymin>41</ymin>
			<xmax>155</xmax>
			<ymax>95</ymax>
		</bndbox>
	</object>
	<object>
		<name>full_cup</name>
		<pose>Unspecified</pose>
		<truncated>1</truncated>
		<difficult>0</difficult>
		<bndbox>
			<xmin>13</xmin>
			<ymin>1</ymin>
			<xmax>26</xmax>
			<ymax>18</ymax>
		</bndbox>
	</object>
	<object>
		<name>full_cup</name>
		<pose>Unspecified</pose>
		<truncated>1</truncated>
		<difficult>0</difficult>
		<bndbox>
			<xmin>1</xmin>
			<ymin>1</ymin>
			<xmax>15</xmax>
			<ymax>22</ymax>
		</bndbox>
	</object>
	<object>
		<name>full_cup</name>
		<pose>Unspecified</pose>
		<truncated>1</truncated>
		<difficult>0</difficult>
		<bndbox>
			<xmin>243</xmin>
			<ymin>330</ymin>
			<xmax>286</xmax>
			<ymax>356</ymax>
		</bndbox>
	</object>
</annotation>
