<annotation>
	<folder>cups_empty_full_picks_clean_resized</folder>
	<filename>26.jpg</filename>
	<path>C:\Users\6d_guest\Desktop\cups_empty_full_picks_clean_resized\26.jpg</path>
	<source>
		<database>Unknown</database>
	</source>
	<size>
		<width>356</width>
		<height>356</height>
		<depth>3</depth>
	</size>
	<segmented>0</segmented>
	<object>
		<name>empty_cup</name>
		<pose>Unspecified</pose>
		<truncated>0</truncated>
		<difficult>0</difficult>
		<bndbox>
			<xmin>207</xmin>
			<ymin>119</ymin>
			<xmax>251</xmax>
			<ymax>173</ymax>
		</bndbox>
	</object>
	<object>
		<name>empty_cup</name>
		<pose>Unspecified</pose>
		<truncated>0</truncated>
		<difficult>0</difficult>
		<bndbox>
			<xmin>33</xmin>
			<ymin>23</ymin>
			<xmax>74</xmax>
			<ymax>81</ymax>
		</bndbox>
	</object>
	<object>
		<name>puck</name>
		<pose>Unspecified</pose>
		<truncated>0</truncated>
		<difficult>0</difficult>
		<bndbox>
			<xmin>54</xmin>
			<ymin>9</ymin>
			<xmax>89</xmax>
			<ymax>53</ymax>
		</bndbox>
	</object>
	<object>
		<name>puck</name>
		<pose>Unspecified</pose>
		<truncated>0</truncated>
		<difficult>0</difficult>
		<bndbox>
			<xmin>267</xmin>
			<ymin>5</ymin>
			<xmax>302</xmax>
			<ymax>49</ymax>
		</bndbox>
	</object>
</annotation>
