<annotation>
	<folder>cups_empty_full_picks_clean_resized</folder>
	<filename>261.jpg</filename>
	<path>C:\Users\6d_guest\Desktop\cups_empty_full_picks_clean_resized\261.jpg</path>
	<source>
		<database>Unknown</database>
	</source>
	<size>
		<width>356</width>
		<height>356</height>
		<depth>3</depth>
	</size>
	<segmented>0</segmented>
	<object>
		<name>full_cup</name>
		<pose>Unspecified</pose>
		<truncated>0</truncated>
		<difficult>0</difficult>
		<bndbox>
			<xmin>92</xmin>
			<ymin>70</ymin>
			<xmax>116</xmax>
			<ymax>119</ymax>
		</bndbox>
	</object>
	<object>
		<name>full_cup</name>
		<pose>Unspecified</pose>
		<truncated>0</truncated>
		<difficult>0</difficult>
		<bndbox>
			<xmin>230</xmin>
			<ymin>232</ymin>
			<xmax>250</xmax>
			<ymax>275</ymax>
		</bndbox>
	</object>
	<object>
		<name>full_cup</name>
		<pose>Unspecified</pose>
		<truncated>0</truncated>
		<difficult>0</difficult>
		<bndbox>
			<xmin>272</xmin>
			<ymin>212</ymin>
			<xmax>292</xmax>
			<ymax>255</ymax>
		</bndbox>
	</object>
	<object>
		<name>full_cup</name>
		<pose>Unspecified</pose>
		<truncated>0</truncated>
		<difficult>0</difficult>
		<bndbox>
			<xmin>288</xmin>
			<ymin>194</ymin>
			<xmax>308</xmax>
			<ymax>237</ymax>
		</bndbox>
	</object>
	<object>
		<name>full_cup</name>
		<pose>Unspecified</pose>
		<truncated>1</truncated>
		<difficult>0</difficult>
		<bndbox>
			<xmin>339</xmin>
			<ymin>131</ymin>
			<xmax>356</xmax>
			<ymax>167</ymax>
		</bndbox>
	</object>
	<object>
		<name>puck</name>
		<pose>Unspecified</pose>
		<truncated>0</truncated>
		<difficult>0</difficult>
		<bndbox>
			<xmin>228</xmin>
			<ymin>50</ymin>
			<xmax>249</xmax>
			<ymax>90</ymax>
		</bndbox>
	</object>
	<object>
		<name>puck</name>
		<pose>Unspecified</pose>
		<truncated>0</truncated>
		<difficult>0</difficult>
		<bndbox>
			<xmin>103</xmin>
			<ymin>56</ymin>
			<xmax>126</xmax>
			<ymax>94</ymax>
		</bndbox>
	</object>
	<object>
		<name>empty_cup</name>
		<pose>Unspecified</pose>
		<truncated>0</truncated>
		<difficult>0</difficult>
		<bndbox>
			<xmin>212</xmin>
			<ymin>234</ymin>
			<xmax>231</xmax>
			<ymax>280</ymax>
		</bndbox>
	</object>
</annotation>
