<annotation>
	<folder>cups_empty_full_picks_clean_resized</folder>
	<filename>276.jpg</filename>
	<path>C:\Users\6d_guest\Desktop\cups_empty_full_picks_clean_resized\276.jpg</path>
	<source>
		<database>Unknown</database>
	</source>
	<size>
		<width>356</width>
		<height>356</height>
		<depth>3</depth>
	</size>
	<segmented>0</segmented>
	<object>
		<name>puck</name>
		<pose>Unspecified</pose>
		<truncated>0</truncated>
		<difficult>0</difficult>
		<bndbox>
			<xmin>49</xmin>
			<ymin>103</ymin>
			<xmax>70</xmax>
			<ymax>132</ymax>
		</bndbox>
	</object>
	<object>
		<name>puck</name>
		<pose>Unspecified</pose>
		<truncated>0</truncated>
		<difficult>0</difficult>
		<bndbox>
			<xmin>147</xmin>
			<ymin>300</ymin>
			<xmax>170</xmax>
			<ymax>345</ymax>
		</bndbox>
	</object>
	<object>
		<name>full_cup</name>
		<pose>Unspecified</pose>
		<truncated>1</truncated>
		<difficult>0</difficult>
		<bndbox>
			<xmin>48</xmin>
			<ymin>1</ymin>
			<xmax>63</xmax>
			<ymax>24</ymax>
		</bndbox>
	</object>
</annotation>
