<annotation>
	<folder>cups_empty_full_picks_clean_resized</folder>
	<filename>38.jpg</filename>
	<path>C:\Users\6d_guest\Desktop\cups_empty_full_picks_clean_resized\38.jpg</path>
	<source>
		<database>Unknown</database>
	</source>
	<size>
		<width>356</width>
		<height>356</height>
		<depth>3</depth>
	</size>
	<segmented>0</segmented>
	<object>
		<name>empty_cup</name>
		<pose>Unspecified</pose>
		<truncated>0</truncated>
		<difficult>0</difficult>
		<bndbox>
			<xmin>43</xmin>
			<ymin>66</ymin>
			<xmax>65</xmax>
			<ymax>110</ymax>
		</bndbox>
	</object>
	<object>
		<name>empty_cup</name>
		<pose>Unspecified</pose>
		<truncated>0</truncated>
		<difficult>0</difficult>
		<bndbox>
			<xmin>259</xmin>
			<ymin>146</ymin>
			<xmax>290</xmax>
			<ymax>210</ymax>
		</bndbox>
	</object>
	<object>
		<name>puck</name>
		<pose>Unspecified</pose>
		<truncated>0</truncated>
		<difficult>0</difficult>
		<bndbox>
			<xmin>143</xmin>
			<ymin>296</ymin>
			<xmax>167</xmax>
			<ymax>340</ymax>
		</bndbox>
	</object>
	<object>
		<name>puck</name>
		<pose>Unspecified</pose>
		<truncated>0</truncated>
		<difficult>0</difficult>
		<bndbox>
			<xmin>48</xmin>
			<ymin>104</ymin>
			<xmax>68</xmax>
			<ymax>130</ymax>
		</bndbox>
	</object>
	<object>
		<name>empty_cup</name>
		<pose>Unspecified</pose>
		<truncated>1</truncated>
		<difficult>0</difficult>
		<bndbox>
			<xmin>259</xmin>
			<ymin>329</ymin>
			<xmax>290</xmax>
			<ymax>356</ymax>
		</bndbox>
	</object>
</annotation>
