<annotation>
	<folder>cups_empty_full_picks_clean_resized</folder>
	<filename>78.jpg</filename>
	<path>C:\Users\6d_guest\Desktop\cups_empty_full_picks_clean_resized\78.jpg</path>
	<source>
		<database>Unknown</database>
	</source>
	<size>
		<width>356</width>
		<height>356</height>
		<depth>3</depth>
	</size>
	<segmented>0</segmented>
	<object>
		<name>puck</name>
		<pose>Unspecified</pose>
		<truncated>0</truncated>
		<difficult>0</difficult>
		<bndbox>
			<xmin>49</xmin>
			<ymin>103</ymin>
			<xmax>69</xmax>
			<ymax>130</ymax>
		</bndbox>
	</object>
	<object>
		<name>empty_cup</name>
		<pose>Unspecified</pose>
		<truncated>0</truncated>
		<difficult>0</difficult>
		<bndbox>
			<xmin>262</xmin>
			<ymin>146</ymin>
			<xmax>292</xmax>
			<ymax>207</ymax>
		</bndbox>
	</object>
</annotation>
